ROI_name,Region Name,SUM of UC,SUM of OC,Inconsistency,Equal,Label
A21r_R,Right I-IV,1,1,True,False,Single
A31_L,A31_L,1,1,True,True,Single
A11m_L,dmPOS_R,5,0,False,False,Single
A10m_R,A8dl_L,4,0,False,False,Single
A21c_L,A10l_L,4,0,False,False,Single
A21c_L,A12/47o_L,4,0,False,False,Single
A21c_L,A9/46d_L,4,0,False,False,Single
A23c_R,A13_L,4,0,False,False,Single
A23c_R,A24rv_R,4,0,False,False,Single
A37lv_L,A40rv_L,4,0,False,False,Single
A37lv_L,dmPOS_R,4,0,False,False,Single
A10m_R,A8vl_L,3,0,False,False,Single
A14m_L,dmPOS_R,3,0,False,False,Single
A21c_L,IFJ_L,3,0,False,False,Single
A21r_L,A9l_L,3,0,False,False,Single
A21r_R,A39rv_L,3,0,False,False,Single
A23c_R,A32sg_L,3,0,False,False,Single
A31_L,A21c_L,3,0,False,False,Single
A31_L,A21r_R,3,0,False,False,Single
A32sg_L,dmPOS_R,3,0,False,False,Single
A37elv_R,dmPOS_L,3,0,False,False,Single
A37lv_L,A37lv_R,3,0,False,False,Single
A37lv_L,A40rd_L,3,0,False,False,Single
A37lv_L,V5/MT+_R,3,0,False,False,Single
A37lv_L,vmPOS_R,3,0,False,False,Single
A37lv_R,A2_L,3,0,False,False,Single
A37lv_R,lsOccG_L,3,0,False,False,Single
A37lv_R,msOccG_L,3,0,False,False,Single
A37lv_R,V5/MT+_L,3,0,False,False,Single
aSTS_L,A21r_R,3,0,False,False,Single
rpSTS_L,aSTS_R,3,0,False,False,Single
vmPu_R,Left VI,3,0,False,False,Single
A1/2/3ll_L,A1/2/3tru_L,2,0,False,False,Single
A1/2/3tonIa_L,dIg_L,2,0,False,False,Single
A1/2/3tru_L,A4ll_L,2,0,False,False,Single
A10m_R,A23d_L,2,0,False,False,Single
A10m_R,A31_R,2,0,False,False,Single
A10m_R,A39rv_L,2,0,False,False,Single
A10m_R,A9m_L,2,0,False,False,Single
A11m_L,A8dl_L,2,0,False,False,Single
A11m_L,vmPOS_R,2,0,False,False,Single
A11m_R,A10m_L,2,0,False,False,Single
A11m_R,A10m_R,2,0,False,False,Single
A11m_R,A31_L,2,0,False,False,Single
A11m_R,A9l_L,2,0,False,False,Single
A11m_R,aSTS_R,2,0,False,False,Single
A11m_R,IFJ_R,2,0,False,False,Single
A11m_R,Left I-IV,2,0,False,False,Single
A12/47o_L,aSTS_L,2,0,False,False,Single
A12/47o_L,aSTS_R,2,0,False,False,Single
A14m_L,A23d_L,2,0,False,False,Single
A14m_L,A23d_R,2,0,False,False,Single
A14m_R,A1/2/3tru_R,2,0,False,False,Single
A14m_R,A23d_L,2,0,False,False,Single
A14m_R,A23d_R,2,0,False,False,Single
A14m_R,dmPOS_R,2,0,False,False,Single
A20cl_L,A6cvl_L,2,0,False,False,Single
A20cl_L,A6vl_L,2,0,False,False,Single
A20il_L,A10m_R,2,0,False,False,Single
A20il_L,A9/46d_L,2,0,False,False,Single
A21c_L,A10m_L,2,0,False,False,Single
A21c_L,A11m_R,2,0,False,False,Single
A21c_L,A12/47l_L,2,0,False,False,Single
A21c_L,A20il_L,2,0,False,False,Single
A21c_L,A21r_R,2,0,False,False,Single
A21c_L,A39rv_R,2,0,False,False,Single
A21c_L,A46_L,2,0,False,False,Single
A21c_L,A8m_L,2,0,False,False,Single
A21c_L,aSTS_R,2,0,False,False,Single
A21r_L,A1/2/3ll_L,2,0,False,False,Single
A21r_L,A10m_L,2,0,False,False,Single
A21r_L,A14m_R,2,0,False,False,Single
A21r_L,A23d_L,2,0,False,False,Single
A21r_L,A31_R,2,0,False,False,Single
A21r_L,A39rv_L,2,0,False,False,Single
A21r_L,A40c_L,2,0,False,False,Single
A21r_L,A8dl_L,2,0,False,False,Single
A21r_L,aSTS_L,2,0,False,False,Single
A21r_L,dmPOS_R,2,0,False,False,Single
A21r_R,A10m_L,2,0,False,False,Single
A21r_R,A31_L,2,0,False,False,Single
A21r_R,A31_R,2,0,False,False,Single
A21r_R,A32sg_L,2,0,False,False,Single
A21r_R,A41/42_L,2,0,False,False,Single
A21r_R,A8dl_R,2,0,False,False,Single
A21r_R,aSTS_L,2,0,False,False,Single
A23c_L,A38m_R,2,0,False,False,Single
A23c_R,A13_R,2,0,False,False,Single
A23c_R,A14m_L,2,0,False,False,Single
A23c_R,A38l_R,2,0,False,False,Single
A23c_R,NAC_L,2,0,False,False,Single
A23c_R,vCa_L,2,0,False,False,Single
A23c_R,vIa_R,2,0,False,False,Single
A23c_R,vmPu_R,2,0,False,False,Single
A23v_R,A14m_R,2,0,False,False,Single
A31_L,A10m_R,2,0,False,False,Single
A31_L,A12/47o_L,2,0,False,False,Single
A31_L,A14m_R,2,0,False,False,Single
A31_L,A31_R,2,0,False,False,Single
A31_L,aSTS_R,2,0,False,False,Single
A32sg_L,A23d_L,2,0,False,False,Single
A32sg_L,A23d_R,2,0,False,False,Single
A37elv_L,A40rd_L,2,0,False,False,Single
A37elv_L,A40rd_R,2,0,False,False,Single
A37elv_L,A6dl_L,2,0,False,False,Single
A37elv_L,A6vl_L,2,0,False,False,1
A37elv_L,lsOccG_L,2,0,False,False,Single
A37elv_R,A6cvl_R,2,0,False,False,Single
A37elv_R,A7ip_R,2,0,False,False,Single
A37elv_R,dmPOS_R,2,0,False,False,Single
A37lv_L,A1/2/3ulhf_R,2,0,False,False,Single
A37lv_L,A2_L,2,0,False,False,Single
A37lv_L,A2_R,2,0,False,False,Single
A37lv_L,A39c_L,2,0,False,False,Single
A37lv_L,A39c_R,2,0,False,False,Single
A37lv_L,A40rd_R,2,0,False,False,Single
A37lv_L,A6cdl_R,2,0,False,False,Single
A37lv_L,A6cvl_R,2,0,False,False,Single
A37lv_L,A7c_L,2,0,False,False,Single
A37lv_L,A7c_R,2,0,False,False,Single
A37lv_L,A7ip_L,2,0,False,False,Single
A37lv_L,lsOccG_L,2,0,False,False,Single
A37lv_L,lsOccG_R,2,0,False,False,2
A37lv_L,OPC_L,2,0,False,False,Single
A37lv_R,A39c_R,2,0,False,False,Single
A37lv_R,A40rd_L,2,0,False,False,Single
A37lv_R,A40rv_R,2,0,False,False,Single
A37lv_R,A6cdl_R,2,0,False,False,Single
A37lv_R,A6cvl_R,2,0,False,False,Single
A37lv_R,A7c_L,2,0,False,False,Single
A37lv_R,dmPOS_L,2,0,False,False,Single
A37lv_R,dmPOS_R,2,0,False,False,Single
A37lv_R,iOccG_L,2,0,False,False,Single
A37lv_R,iOccG_R,2,0,False,False,Single
A37lv_R,vmPOS_R,2,0,False,False,Single
A38m_L,A10m_L,2,0,False,False,Single
A38m_L,A9l_R,2,0,False,False,Single
A38m_L,A9m_R,2,0,False,False,Single
A38m_L,rpSTS_L,2,0,False,False,3
A38m_R,A40rv_R,2,0,False,False,Single
A38m_R,A9m_L,2,0,False,False,Single
A6vl_L,A10l_R,2,0,False,False,Single
A7ip_L,lsOccG_R,2,0,False,False,Single
A8dl_L,aSTS_L,2,0,False,False,4
A8dl_L,aSTS_R,2,0,False,False,Single
A9m_R,A20rv_R,2,0,False,False,Single
aSTS_L,A14m_L,2,0,False,False,Single
aSTS_L,A39rv_L,2,0,False,False,Single
aSTS_L,A9l_R,2,0,False,False,Single
aSTS_L,A9m_R,2,0,False,False,Single
aSTS_R,A1/2/3tru_R,2,0,False,False,Single
aSTS_R,A41/42_L,2,0,False,False,Single
aSTS_R,A9m_L,2,0,False,False,Single
aSTS_R,TE1.0/TE1.2_L,2,0,False,False,Single
cpSTS_R,TE1.0/TE1.2_R,2,0,False,False,Single
lsOccG_R,A20cl_R,2,0,False,False,Single
rpSTS_L,A12/47o_R,2,0,False,False,Single
rpSTS_L,A38l_R,2,0,False,False,Single
vmPOS_L,A20rv_R,2,0,False,False,Single
vmPOS_L,A38m_L,2,0,False,False,Single
vmPOS_L,rpSTS_R,2,0,False,False,Single
vmPOS_R,A20rv_R,2,0,False,False,Single
vmPu_R,A23d_R,2,0,False,False,Single
A1/2/3ll_L,A1/2/3ulhf_L,1,0,False,False,Single
A1/2/3ll_L,A2_L,1,0,False,False,Single
A1/2/3ll_L,A40rd_L,1,0,False,False,Single
A1/2/3ll_L,A4t_L,1,0,False,False,Single
A1/2/3ll_R,A1/2/3tru_L,1,0,False,False,5
A1/2/3ll_R,A5m_L,1,0,False,False,Single
A1/2/3tonIa_L,A40rv_R,1,0,False,False,Single
A1/2/3tru_L,A1/2/3ll_L,1,0,False,False,Single
A1/2/3tru_L,A1/2/3ulhf_L,1,0,False,False,Single
A1/2/3tru_L,A4hf_L,1,0,False,False,Single
A1/2/3tru_L,A4ll_R,1,0,False,False,Single
A1/2/3tru_R,A1/2/3ulhf_L,1,0,False,False,Single
A1/2/3tru_R,A4hf_L,1,0,False,False,Single
A1/2/3ulhf_L,A1/2/3ulhf_R,1,0,False,False,Single
A1/2/3ulhf_L,A4hf_R,1,0,False,False,Single
A10l_L,Left Crus II,1,0,False,False,Single
A10m_L,A21r_R,1,0,False,False,Single
A10m_L,A9m_L,1,0,False,False,Single
A10m_R,A1/2/3ll_L,1,0,False,False,Single
A10m_R,A10m_L,1,0,False,False,Single
A10m_R,A12/47o_L,1,0,False,False,Single
A10m_R,A14m_L,1,0,False,False,6
A10m_R,A14m_R,1,0,False,False,7
A10m_R,A20il_L,1,0,False,False,Single
A10m_R,A21r_L,1,0,False,False,8
A10m_R,A23c_L,1,0,False,False,Single
A10m_R,A23c_R,1,0,False,False,Single
A10m_R,A23d_R,1,0,False,False,Single
A10m_R,A23v_L,1,0,False,False,9
A10m_R,A31_L,1,0,False,False,Single
A10m_R,A32sg_L,1,0,False,False,Single
A10m_R,A38l_L,1,0,False,False,Single
A10m_R,A38m_L,1,0,False,False,10
A10m_R,A4ll_L,1,0,False,False,Single
A10m_R,A6dl_L,1,0,False,False,Single
A10m_R,A6vl_L,1,0,False,False,Single
A10m_R,A8dl_R,1,0,False,False,Single
A10m_R,A8m_L,1,0,False,False,Single
A10m_R,A8vl_R,1,0,False,False,Single
A10m_R,A9l_L,1,0,False,False,Single
A10m_R,aSTS_L,1,0,False,False,11
A10m_R,dmPOS_L,1,0,False,False,Single
A10m_R,dmPOS_R,1,0,False,False,Single
A10m_R,IFJ_L,1,0,False,False,Single
A10m_R,IFJ_R,1,0,False,False,Single
A10m_R,rCunG_L,1,0,False,False,Single
A10m_R,rCunG_R,1,0,False,False,Single
A10m_R,rLinG_L,1,0,False,False,Single
A10m_R,vmPOS_L,1,0,False,False,Single
A10m_R,vmPOS_R,1,0,False,False,Single
A11m_L,A14m_L,1,0,False,False,Single
A11m_L,A21r_R,1,0,False,False,Single
A11m_L,A23v_L,1,0,False,False,Single
A11m_L,A23v_R,1,0,False,False,12
A11m_L,A31_R,1,0,False,False,Single
A11m_L,dmPOS_L,1,0,False,False,Single
A11m_L,Left I-IV,1,0,False,False,Single
A11m_L,rCunG_R,1,0,False,False,Single
A11m_L,vmPOS_L,1,0,False,False,13
A11m_R,A1/2/3tru_R,1,0,False,False,Single
A11m_R,A11m_L,1,0,False,False,Single
A11m_R,A11m_R,1,0,False,True,Single
A11m_R,A14m_L,1,0,False,False,Single
A11m_R,A20il_L,1,0,False,False,Single
A11m_R,A20il_R,1,0,False,False,Single
A11m_R,A21c_L,1,0,False,False,Single
A11m_R,A21r_L,1,0,False,False,14
A11m_R,A21r_R,1,0,False,False,Single
A11m_R,A23d_L,1,0,False,False,Single
A11m_R,A23d_R,1,0,False,False,Single
A11m_R,A23v_L,1,0,False,False,15
A11m_R,A23v_R,1,0,False,False,16
A11m_R,A24rv_L,1,0,False,False,Single
A11m_R,A31_R,1,0,False,False,Single
A11m_R,A39c_L,1,0,False,False,Single
A11m_R,A39rv_L,1,0,False,False,Single
A11m_R,A6vl_L,1,0,False,False,Single
A11m_R,A8dl_L,1,0,False,False,17
A11m_R,A8dl_R,1,0,False,False,Single
A11m_R,A8vl_L,1,0,False,False,Single
A11m_R,A9/46d_L,1,0,False,False,Single
A11m_R,aSTS_L,1,0,False,False,18
A11m_R,dmPOS_L,1,0,False,False,Single
A11m_R,dmPOS_R,1,0,False,False,Single
A11m_R,IFJ_L,1,0,False,False,Single
A11m_R,Left IX,1,0,False,False,Single
A11m_R,Left V,1,0,False,False,Single
A11m_R,rCunG_L,1,0,False,False,Single
A11m_R,rCunG_R,1,0,False,False,Single
A11m_R,Right I-IV,1,0,False,False,Single
A11m_R,Right IX,1,0,False,False,Single
A11m_R,Right V,1,0,False,False,Single
A11m_R,rLinG_L,1,0,False,False,Single
A11m_R,rLinG_R,1,0,False,False,Single
A11m_R,V5/MT+_L,1,0,False,False,Single
A11m_R,vmPOS_L,1,0,False,False,19
A11m_R,vmPOS_R,1,0,False,False,Single
A12/47l_L,A21c_L,1,0,False,False,Single
A12/47l_L,A22c_L,1,0,False,False,Single
A12/47l_L,aSTS_L,1,0,False,False,20
A12/47l_L,rpSTS_L,1,0,False,False,21
A12/47o_L,A20cl_L,1,0,False,False,Single
A12/47o_L,A20il_L,1,0,False,False,22
A12/47o_L,A21c_L,1,0,False,False,Single
A12/47o_L,A21r_L,1,0,False,False,23
A12/47o_L,A22c_L,1,0,False,False,Single
A12/47o_L,A37dl_L,1,0,False,False,Single
A12/47o_L,A8dl_L,1,0,False,False,Single
A12/47o_L,A9l_L,1,0,False,False,Single
A12/47o_L,cpSTS_L,1,0,False,False,Single
A12/47o_L,rpSTS_L,1,0,False,False,24
A14m_L,A21r_L,1,0,False,False,25
A14m_L,A23c_L,1,0,False,False,Single
A14m_L,A23c_R,1,0,False,False,Single
A14m_L,A23v_L,1,0,False,False,Single
A14m_L,A23v_R,1,0,False,False,26
A14m_L,A31_L,1,0,False,False,Single
A14m_L,A31_R,1,0,False,False,Single
A14m_L,aSTS_L,1,0,False,False,Single
A14m_L,dmPOS_L,1,0,False,False,Single
A14m_L,Left IX,1,0,False,False,Single
A14m_L,rCunG_L,1,0,False,False,Single
A14m_L,rCunG_R,1,0,False,False,Single
A14m_L,Right IX,1,0,False,False,Single
A14m_L,vmPOS_L,1,0,False,False,Single
A14m_L,vmPOS_R,1,0,False,False,Single
A14m_R,A1/2/3ulhf_R,1,0,False,False,Single
A14m_R,A21c_L,1,0,False,False,27
A14m_R,A21r_L,1,0,False,False,Single
A14m_R,A23c_L,1,0,False,False,Single
A14m_R,A23c_R,1,0,False,False,28
A14m_R,A23v_L,1,0,False,False,Single
A14m_R,A23v_R,1,0,False,False,Single
A14m_R,A24rv_L,1,0,False,False,Single
A14m_R,A31_L,1,0,False,False,Single
A14m_R,A31_R,1,0,False,False,Single
A14m_R,A39rv_L,1,0,False,False,Single
A14m_R,A39rv_R,1,0,False,False,Single
A14m_R,aSTS_L,1,0,False,False,29
A14m_R,dmPOS_L,1,0,False,False,Single
A14m_R,IFJ_R,1,0,False,False,Single
A14m_R,Left I-IV,1,0,False,False,Single
A14m_R,Left IX,1,0,False,False,Single
A14m_R,rCunG_R,1,0,False,False,Single
A14m_R,rLinG_L,1,0,False,False,Single
A14m_R,vmPOS_L,1,0,False,False,Single
A14m_R,vmPOS_R,1,0,False,False,Single
A20cl_L,A10m_L,1,0,False,False,Single
A20cl_L,A6cdl_L,1,0,False,False,Single
A20cl_L,A6dl_L,1,0,False,False,Single
A20cl_L,A8dl_L,1,0,False,False,30
A20cl_L,A8vl_L,1,0,False,False,31
A20cl_L,A9m_L,1,0,False,False,Single
A20cl_L,IFJ_L,1,0,False,False,32
A20il_L,A10m_L,1,0,False,False,Single
A20il_L,A32p_L,1,0,False,False,Single
A20il_L,A32p_R,1,0,False,False,Single
A20il_L,A9l_L,1,0,False,False,Single
A20il_L,A9m_L,1,0,False,False,Single
A20il_L,A9m_R,1,0,False,False,Single
A21c_L,A10m_R,1,0,False,False,Single
A21c_L,A11m_L,1,0,False,False,Single
A21c_L,A12/47o_R,1,0,False,False,Single
A21c_L,A20cv_L,1,0,False,False,Single
A21c_L,A20r_L,1,0,False,False,Single
A21c_L,A21c_R,1,0,False,False,Single
A21c_L,A21r_L,1,0,False,False,33
A21c_L,A23d_L,1,0,False,False,Single
A21c_L,A23d_R,1,0,False,False,Single
A21c_L,A31_L,1,0,False,False,Single
A21c_L,A31_R,1,0,False,False,Single
A21c_L,A32p_L,1,0,False,False,Single
A21c_L,A32p_R,1,0,False,False,Single
A21c_L,A32sg_R,1,0,False,False,Single
A21c_L,A39c_L,1,0,False,False,Single
A21c_L,A39c_R,1,0,False,False,Single
A21c_L,A39rd_L,1,0,False,False,Single
A21c_L,A39rd_R,1,0,False,False,Single
A21c_L,A39rv_L,1,0,False,False,Single
A21c_L,A40c_L,1,0,False,False,Single
A21c_L,A44d_L,1,0,False,False,Single
A21c_L,A44v_L,1,0,False,False,Single
A21c_L,A45c_L,1,0,False,False,Single
A21c_L,A6cdl_L,1,0,False,False,Single
A21c_L,A6cvl_L,1,0,False,False,Single
A21c_L,A6dl_L,1,0,False,False,Single
A21c_L,A6vl_L,1,0,False,False,34
A21c_L,A8dl_L,1,0,False,False,35
A21c_L,A8dl_R,1,0,False,False,Single
A21c_L,A8m_R,1,0,False,False,Single
A21c_L,A8vl_L,1,0,False,False,36
A21c_L,A9/46d_R,1,0,False,False,Single
A21c_L,A9/46v_L,1,0,False,False,Single
A21c_L,A9l_L,1,0,False,False,Single
A21c_L,A9l_R,1,0,False,False,Single
A21c_L,A9m_L,1,0,False,False,Single
A21c_L,A9m_R,1,0,False,False,Single
A21c_L,dmPOS_L,1,0,False,False,Single
A21c_L,dmPOS_R,1,0,False,False,Single
A21c_L,IFJ_R,1,0,False,False,Single
A21c_L,IFS_L,1,0,False,False,Single
A21c_L,mOccG_L,1,0,False,False,Single
A21c_L,rCunG_R,1,0,False,False,Single
A21c_L,Right Crus I,1,0,False,False,Single
A21c_L,Right Crus II,1,0,False,False,Single
A21c_L,vmPOS_L,1,0,False,False,Single
A21c_L,vmPOS_R,1,0,False,False,Single
A21r_L,A11m_L,1,0,False,False,Single
A21r_L,A12/47l_L,1,0,False,False,Single
A21r_L,A20il_L,1,0,False,False,Single
A21r_L,A21c_R,1,0,False,False,Single
A21r_L,A21r_R,1,0,False,False,37
A21r_L,A22c_L,1,0,False,False,Single
A21r_L,A22c_R,1,0,False,False,Single
A21r_L,A22r_R,1,0,False,False,Single
A21r_L,A23c_L,1,0,False,False,38
A21r_L,A23c_R,1,0,False,False,Single
A21r_L,A23d_R,1,0,False,False,Single
A21r_L,A23v_L,1,0,False,False,39
A21r_L,A23v_R,1,0,False,False,Single
A21r_L,A31_L,1,0,False,False,40
A21r_L,A32p_L,1,0,False,False,Single
A21r_L,A32sg_R,1,0,False,False,Single
A21r_L,A39c_L,1,0,False,False,Single
A21r_L,A39rd_L,1,0,False,False,Single
A21r_L,A39rd_R,1,0,False,False,Single
A21r_L,A39rv_R,1,0,False,False,Single
A21r_L,A40rv_L,1,0,False,False,Single
A21r_L,A41/42_L,1,0,False,False,Single
A21r_L,A46_R,1,0,False,False,Single
A21r_L,A4ll_L,1,0,False,False,Single
A21r_L,A5m_L,1,0,False,False,Single
A21r_L,A8dl_R,1,0,False,False,Single
A21r_L,A8m_L,1,0,False,False,Single
A21r_L,A9/46d_L,1,0,False,False,Single
A21r_L,A9/46d_R,1,0,False,False,Single
A21r_L,A9l_R,1,0,False,False,Single
A21r_L,A9m_L,1,0,False,False,41
A21r_L,A9m_R,1,0,False,False,42
A21r_L,aSTS_R,1,0,False,False,Single
A21r_L,cpSTS_L,1,0,False,False,43
A21r_L,dmPOS_L,1,0,False,False,44
A21r_L,Left I-IV,1,0,False,False,Single
A21r_L,rCunG_L,1,0,False,False,Single
A21r_L,rCunG_R,1,0,False,False,Single
A21r_L,rpSTS_L,1,0,False,False,45
A21r_L,vmPOS_L,1,0,False,False,46
A21r_L,vmPOS_R,1,0,False,False,Single
A21r_R,A1/2/3ll_L,1,0,False,False,Single
A21r_R,A1/2/3ll_R,1,0,False,False,Single
A21r_R,A10m_R,1,0,False,False,Single
A21r_R,A12/47o_L,1,0,False,False,Single
A21r_R,A14m_L,1,0,False,False,Single
A21r_R,A14m_R,1,0,False,False,Single
A21r_R,A20cl_R,1,0,False,False,Single
A21r_R,A20cv_R,1,0,False,False,Single
A21r_R,A20il_R,1,0,False,False,Single
A21r_R,A21c_R,1,0,False,False,Single
A21r_R,A23c_L,1,0,False,False,47
A21r_R,A23c_R,1,0,False,False,48
A21r_R,A23d_L,1,0,False,False,Single
A21r_R,A23d_R,1,0,False,False,Single
A21r_R,A23v_L,1,0,False,False,Single
A21r_R,A23v_R,1,0,False,False,Single
A21r_R,A24rv_L,1,0,False,False,Single
A21r_R,A32p_L,1,0,False,False,49
A21r_R,A32p_R,1,0,False,False,Single
A21r_R,A32sg_R,1,0,False,False,Single
A21r_R,A39c_L,1,0,False,False,Single
A21r_R,A39rd_L,1,0,False,False,Single
A21r_R,A39rd_R,1,0,False,False,Single
A21r_R,A39rv_R,1,0,False,False,Single
A21r_R,A40c_L,1,0,False,False,Single
A21r_R,A40rv_L,1,0,False,False,Single
A21r_R,A46_R,1,0,False,False,Single
A21r_R,A4ll_L,1,0,False,False,Single
A21r_R,A4ll_R,1,0,False,False,Single
A21r_R,A5m_L,1,0,False,False,Single
A21r_R,A5m_R,1,0,False,False,Single
A21r_R,A7m_L,1,0,False,False,Single
A21r_R,A8dl_L,1,0,False,False,50
A21r_R,A8vl_R,1,0,False,False,Single
A21r_R,A9/46d_L,1,0,False,False,Single
A21r_R,A9/46d_R,1,0,False,False,Single
A21r_R,A9l_R,1,0,False,False,Single
A21r_R,A9m_L,1,0,False,False,51
A21r_R,A9m_R,1,0,False,False,52
A21r_R,aSTS_R,1,0,False,False,Single
A21r_R,cpSTS_L,1,0,False,False,Single
A21r_R,dmPOS_L,1,0,False,False,53
A21r_R,dmPOS_R,1,0,False,False,Single
A21r_R,IFJ_R,1,0,False,False,Single
A21r_R,Left I-IV,1,0,False,False,Single
A21r_R,rCunG_R,1,0,False,False,Single
A21r_R,rpSTS_L,1,0,False,False,54
A21r_R,V5/MT+_L,1,0,False,False,Single
A21r_R,vmPOS_L,1,0,False,False,55
A21r_R,vmPOS_R,1,0,False,False,Single
A22r_L,A1/2/3tonIa_L,1,0,False,False,Single
A22r_L,A40rv_L,1,0,False,False,Single
A23c_L,mAmyg_L,1,0,False,False,Single
A23c_L,vmPu_R,1,0,False,False,56
A23c_R,A28/34_R,1,0,False,False,Single
A23c_R,A32sg_R,1,0,False,False,Single
A23c_R,A38m_R,1,0,False,False,Single
A23c_R,NAC_R,1,0,False,False,Single
A23c_R,rHipp_R,1,0,False,False,Single
A23v_L,A21c_R,1,0,False,False,Single
A23v_L,aSTS_L,1,0,False,False,Single
A23v_R,A10m_R,1,0,False,False,Single
A23v_R,A13_L,1,0,False,False,Single
A23v_R,A13_R,1,0,False,False,Single
A23v_R,A23v_R,1,0,False,True,Single
A23v_R,A31_L,1,0,False,False,Single
A23v_R,A32sg_L,1,0,False,False,57
A24rv_R,A1/2/3tru_R,1,0,False,False,Single
A24rv_R,A23c_L,1,0,False,False,Single
A24rv_R,A23c_R,1,0,False,False,Single
A24rv_R,A23d_R,1,0,False,False,Single
A24rv_R,A38m_R,1,0,False,False,Single
A24rv_R,G_R,1,0,False,False,Single
A24rv_R,Left IX,1,0,False,False,Single
A24rv_R,Vermis IX,1,0,False,False,Single
A31_L,A10m_L,1,0,False,False,Single
A31_L,A11m_L,1,0,False,False,Single
A31_L,A11m_R,1,0,False,False,Single
A31_L,A22r_L,1,0,False,False,Single
A31_L,A23d_L,1,0,False,False,Single
A31_L,A38l_L,1,0,False,False,Single
A31_L,A38l_R,1,0,False,False,Single
A31_L,A38m_L,1,0,False,False,Single
A31_L,A38m_R,1,0,False,False,Single
A31_L,aSTS_L,1,0,False,False,58
A31_L,vmPOS_R,1,0,False,False,Single
A32p_L,A23c_L,1,0,False,False,Single
A32p_L,A23c_R,1,0,False,False,Single
A32p_L,A23d_R,1,0,False,False,Single
A32p_L,A35/36c_R,1,0,False,False,Single
A32p_L,A38m_R,1,0,False,False,59
A32p_L,A39rv_R,1,0,False,False,Single
A32p_L,Left IX,1,0,False,False,Single
A32p_L,Left VI,1,0,False,False,Single
A32p_L,lPFtha_L,1,0,False,False,Single
A32p_L,mPFtha_L,1,0,False,False,Single
A32p_L,Vermis IX,1,0,False,False,Single
A32sg_L,A23c_L,1,0,False,False,Single
A32sg_L,A23c_R,1,0,False,False,Single
A32sg_L,A31_L,1,0,False,False,Single
A32sg_L,A31_R,1,0,False,False,Single
A32sg_L,A38m_R,1,0,False,False,Single
A32sg_L,A39rv_R,1,0,False,False,Single
A32sg_L,dmPOS_L,1,0,False,False,Single
A32sg_L,Left IX,1,0,False,False,Single
A32sg_L,rCunG_R,1,0,False,False,Single
A32sg_L,vmPOS_R,1,0,False,False,Single
A35/36r_R,Left I-IV,1,0,False,False,Single
A35/36r_R,rLinG_L,1,0,False,False,Single
A35/36r_R,TH_L,1,0,False,False,Single
A35/36r_R,vmPOS_R,1,0,False,False,Single
A37dl_R,A39c_R,1,0,False,False,Single
A37dl_R,A4ul_R,1,0,False,False,Single
A37dl_R,A6cdl_R,1,0,False,False,Single
A37dl_R,dmPOS_R,1,0,False,False,Single
A37dl_R,V5/MT+_R,1,0,False,False,Single
A37elv_L,A2_L,1,0,False,False,Single
A37elv_L,A39rd_L,1,0,False,False,Single
A37elv_L,A40c_L,1,0,False,False,Single
A37elv_L,A40c_R,1,0,False,False,Single
A37elv_L,A40rv_L,1,0,False,False,Single
A37elv_L,A40rv_R,1,0,False,False,Single
A37elv_L,A5l_L,1,0,False,False,60
A37elv_L,A6cdl_L,1,0,False,False,Single
A37elv_L,A6cdl_R,1,0,False,False,Single
A37elv_L,A6cvl_L,1,0,False,False,Single
A37elv_L,A6dl_R,1,0,False,False,Single
A37elv_L,A6vl_R,1,0,False,False,Single
A37elv_L,A7c_L,1,0,False,False,Single
A37elv_L,A7ip_L,1,0,False,False,Single
A37elv_R,A2_L,1,0,False,False,Single
A37elv_R,A31_R,1,0,False,False,Single
A37elv_R,A39c_L,1,0,False,False,Single
A37elv_R,A39c_R,1,0,False,False,Single
A37elv_R,A39rd_R,1,0,False,False,Single
A37elv_R,A40rd_L,1,0,False,False,Single
A37elv_R,A40rd_R,1,0,False,False,Single
A37elv_R,A5l_L,1,0,False,False,61
A37elv_R,A5m_R,1,0,False,False,Single
A37elv_R,A6cdl_L,1,0,False,False,Single
A37elv_R,A6cdl_R,1,0,False,False,Single
A37elv_R,A6dl_L,1,0,False,False,Single
A37elv_R,A6dl_R,1,0,False,False,Single
A37elv_R,A6vl_L,1,0,False,False,Single
A37elv_R,A6vl_R,1,0,False,False,Single
A37elv_R,A7c_L,1,0,False,False,Single
A37elv_R,A7c_R,1,0,False,False,62
A37elv_R,A7ip_L,1,0,False,False,63
A37elv_R,A7m_R,1,0,False,False,Single
A37elv_R,A7r_R,1,0,False,False,Single
A37elv_R,IFJ_R,1,0,False,False,Single
A37elv_R,lsOccG_L,1,0,False,False,Single
A37elv_R,lsOccG_R,1,0,False,False,64
A37elv_R,mOccG_R,1,0,False,False,Single
A37elv_R,msOccG_L,1,0,False,False,Single
A37elv_R,msOccG_R,1,0,False,False,Single
A37elv_R,Right VIIb,1,0,False,False,Single
A37elv_R,V5/MT+_R,1,0,False,False,Single
A37elv_R,vmPOS_L,1,0,False,False,Single
A37lv_L,A24cd_R,1,0,False,False,Single
A37lv_L,A24rv_R,1,0,False,False,Single
A37lv_L,A37elv_R,1,0,False,False,Single
A37lv_L,A37vl_R,1,0,False,False,Single
A37lv_L,A39rd_L,1,0,False,False,Single
A37lv_L,A39rd_R,1,0,False,False,Single
A37lv_L,A40c_L,1,0,False,False,Single
A37lv_L,A40rv_R,1,0,False,False,Single
A37lv_L,A4hf_R,1,0,False,False,Single
A37lv_L,A4tl_L,1,0,False,False,Single
A37lv_L,A4ul_R,1,0,False,False,Single
A37lv_L,A5l_L,1,0,False,False,65
A37lv_L,A6cdl_L,1,0,False,False,Single
A37lv_L,A6dl_L,1,0,False,False,Single
A37lv_L,A6dl_R,1,0,False,False,Single
A37lv_L,A6vl_L,1,0,False,False,Single
A37lv_L,A6vl_R,1,0,False,False,Single
A37lv_L,A8m_R,1,0,False,False,Single
A37lv_L,cCunG_R,1,0,False,False,Single
A37lv_L,dmPOS_L,1,0,False,False,Single
A37lv_L,mOccG_L,1,0,False,False,Single
A37lv_L,mOccG_R,1,0,False,False,Single
A37lv_L,msOccG_R,1,0,False,False,Single
A37lv_L,rCunG_R,1,0,False,False,Single
A37lv_L,V5/MT+_L,1,0,False,False,Single
A37lv_R,A2_R,1,0,False,False,Single
A37lv_R,A37elv_L,1,0,False,False,Single
A37lv_R,A37lv_L,1,0,False,False,Single
A37lv_R,A37mv_L,1,0,False,False,Single
A37lv_R,A37mv_R,1,0,False,False,Single
A37lv_R,A39c_L,1,0,False,False,Single
A37lv_R,A39rd_L,1,0,False,False,Single
A37lv_R,A39rd_R,1,0,False,False,Single
A37lv_R,A40rd_R,1,0,False,False,Single
A37lv_R,A4ul_R,1,0,False,False,Single
A37lv_R,A5l_L,1,0,False,False,66
A37lv_R,A5m_R,1,0,False,False,Single
A37lv_R,A6cdl_L,1,0,False,False,Single
A37lv_R,A6dl_R,1,0,False,False,Single
A37lv_R,A6vl_R,1,0,False,False,Single
A37lv_R,A7c_R,1,0,False,False,67
A37lv_R,A7ip_L,1,0,False,False,68
A37lv_R,A7ip_R,1,0,False,False,Single
A37lv_R,A7m_R,1,0,False,False,Single
A37lv_R,A7r_L,1,0,False,False,Single
A37lv_R,lsOccG_R,1,0,False,False,69
A37lv_R,mOccG_L,1,0,False,False,Single
A37lv_R,mOccG_R,1,0,False,False,Single
A37lv_R,msOccG_R,1,0,False,False,Single
A37lv_R,rCunG_L,1,0,False,False,Single
A37lv_R,Right VIIb,1,0,False,False,Single
A37lv_R,V5/MT+_R,1,0,False,False,Single
A37lv_R,Vermis VIIIa,1,0,False,False,Single
A37lv_R,vmPOS_L,1,0,False,False,Single
A38m_L,A23v_R,1,0,False,False,Single
A38m_L,A8dl_R,1,0,False,False,Single
A38m_L,A9/46d_R,1,0,False,False,Single
A38m_L,A9m_L,1,0,False,False,Single
A38m_L,dmPOS_R,1,0,False,False,Single
A38m_R,A10m_L,1,0,False,False,Single
A38m_R,A39rd_R,1,0,False,False,Single
A38m_R,A39rv_R,1,0,False,False,Single
A38m_R,A41/42_L,1,0,False,False,Single
A38m_R,A9m_R,1,0,False,False,70
A38m_R,dmPOS_L,1,0,False,False,Single
A38m_R,vmPOS_L,1,0,False,False,Single
A39rv_L,A21r_L,1,0,False,False,Single
A40rd_L,A37elv_L,1,0,False,False,Single
A40rd_L,A37lv_L,1,0,False,False,Single
A40rd_L,A37vl_L,1,0,False,False,Single
A40rd_L,A40rd_L,1,0,False,True,Single
A4hf_L,A1/2/3ulhf_R,1,0,False,False,Single
A4hf_L,A4hf_R,1,0,False,False,Single
A4ll_L,A1/2/3ll_L,1,0,False,False,Single
A4ll_L,A1/2/3tru_L,1,0,False,False,Single
A5l_L,A20cl_L,1,0,False,False,Single
A5l_L,A37mv_L,1,0,False,False,Single
A5l_L,A37vl_L,1,0,False,False,Single
A5l_L,A37vl_R,1,0,False,False,Single
A5l_L,A6cdl_R,1,0,False,False,Single
A5l_L,A6dl_L,1,0,False,False,Single
A5l_L,lsOccG_R,1,0,False,False,Single
A5l_L,msOccG_R,1,0,False,False,Single
A5l_L,Right Crus I,1,0,False,False,Single
A5l_L,V5/MT+_R,1,0,False,False,Single
A6vl_L,A20cl_L,1,0,False,False,Single
A6vl_L,A37dl_L,1,0,False,False,Single
A6vl_L,A37vl_L,1,0,False,False,Single
A6vl_L,A45c_L,1,0,False,False,Single
A6vl_L,aSTS_L,1,0,False,False,Single
A6vl_R,A10l_R,1,0,False,False,Single
A6vl_R,A46_R,1,0,False,False,Single
A7c_R,A7c_R,1,0,False,True,Single
A7ip_L,A37lv_L,1,0,False,False,Single
A7ip_L,A37mv_L,1,0,False,False,Single
A7ip_L,A37vl_R,1,0,False,False,Single
A7ip_L,Left VI,1,0,False,False,Single
A7ip_L,Right Crus I,1,0,False,False,Single
A7ip_L,V5/MT+_R,1,0,False,False,Single
A8dl_L,A22c_L,1,0,False,False,Single
A8vl_L,A37dl_L,1,0,False,False,Single
A9/46v_R,A6cdl_R,1,0,False,False,Single
A9l_R,A38m_L,1,0,False,False,Single
A9m_L,A11m_R,1,0,False,False,Single
A9m_L,A20r_R,1,0,False,False,Single
A9m_L,aSTS_L,1,0,False,False,71
A9m_R,A12/47o_L,1,0,False,False,Single
A9m_R,A20r_R,1,0,False,False,Single
A9m_R,A28/34_R,1,0,False,False,Single
A9m_R,A37lv_R,1,0,False,False,Single
A9m_R,A38l_L,1,0,False,False,Single
A9m_R,A38m_L,1,0,False,False,Single
A9m_R,A6vl_R,1,0,False,False,Single
A9m_R,Left I-IV,1,0,False,False,Single
A9m_R,Left V,1,0,False,False,Single
A9m_R,Right V,1,0,False,False,Single
A9m_R,Right VI,1,0,False,False,Single
aSTS_L,A11l_L,1,0,False,False,Single
aSTS_L,A11m_L,1,0,False,False,Single
aSTS_L,A12/47o_L,1,0,False,False,Single
aSTS_L,A21c_R,1,0,False,False,Single
aSTS_L,A21r_L,1,0,False,False,Single
aSTS_L,A22c_R,1,0,False,False,Single
aSTS_L,A31_R,1,0,False,False,Single
aSTS_L,A38l_L,1,0,False,False,Single
aSTS_L,A38m_L,1,0,False,False,Single
aSTS_L,A39rd_L,1,0,False,False,Single
aSTS_L,A40c_L,1,0,False,False,Single
aSTS_L,A40rv_L,1,0,False,False,Single
aSTS_L,A8dl_R,1,0,False,False,Single
aSTS_L,A8vl_R,1,0,False,False,Single
aSTS_L,A9l_L,1,0,False,False,Single
aSTS_L,aSTS_R,1,0,False,False,72
aSTS_L,dmPOS_L,1,0,False,False,73
aSTS_L,dmPOS_R,1,0,False,False,Single
aSTS_L,rCunG_R,1,0,False,False,Single
aSTS_L,vIa_L,1,0,False,False,Single
aSTS_L,vmPOS_L,1,0,False,False,Single
aSTS_L,vmPOS_R,1,0,False,False,Single
aSTS_R,A12/47l_L,1,0,False,False,Single
aSTS_R,A12/47o_L,1,0,False,False,Single
aSTS_R,A12/47o_R,1,0,False,False,Single
aSTS_R,A22c_L,1,0,False,False,Single
aSTS_R,A22r_L,1,0,False,False,Single
aSTS_R,A31_L,1,0,False,False,Single
aSTS_R,A37dl_R,1,0,False,False,Single
aSTS_R,A39rv_R,1,0,False,False,Single
aSTS_R,A40c_L,1,0,False,False,Single
aSTS_R,A40rv_L,1,0,False,False,Single
aSTS_R,A4ll_R,1,0,False,False,Single
aSTS_R,A4ul_L,1,0,False,False,Single
aSTS_R,A8dl_L,1,0,False,False,Single
aSTS_R,A8vl_L,1,0,False,False,Single
aSTS_R,cpSTS_L,1,0,False,False,74
aSTS_R,dmPOS_L,1,0,False,False,Single
aSTS_R,dmPOS_R,1,0,False,False,Single
aSTS_R,G_L,1,0,False,False,Single
aSTS_R,Left V,1,0,False,False,Single
aSTS_R,rCunG_L,1,0,False,False,Single
aSTS_R,rpSTS_L,1,0,False,False,Single
aSTS_R,vmPOS_L,1,0,False,False,Single
aSTS_R,vmPOS_R,1,0,False,False,Single
cpSTS_L,A22c_R,1,0,False,False,Single
cpSTS_L,A22r_L,1,0,False,False,Single
cpSTS_L,aSTS_L,1,0,False,False,Single
cpSTS_R,A1/2/3tru_L,1,0,False,False,Single
cpSTS_R,A1/2/3ulhf_R,1,0,False,False,Single
cpSTS_R,A44op_R,1,0,False,False,Single
cpSTS_R,A4hf_R,1,0,False,False,Single
cpSTS_R,A4tl_R,1,0,False,False,Single
cpSTS_R,A7pc_L,1,0,False,False,Single
cpSTS_R,dId_R,1,0,False,False,Single
dmPOS_R,A20rv_R,1,0,False,False,Single
GP_R,Left V,1,0,False,False,Single
GP_R,Left VI,1,0,False,False,Single
GP_R,Left VIIIb,1,0,False,False,Single
IFJ_L,A21c_L,1,0,False,False,Single
IFJ_L,A37dl_L,1,0,False,False,Single
IFJ_L,A6vl_L,1,0,False,False,Single
IFJ_L,aSTS_L,1,0,False,False,Single
IFJ_L,IFJ_L,1,0,False,True,Single
IFJ_R,A10l_L,1,0,False,False,Single
IFJ_R,A10l_R,1,0,False,False,Single
IFJ_R,A12/47o_R,1,0,False,False,Single
IFJ_R,A39rv_R,1,0,False,False,Single
IFJ_R,A46_R,1,0,False,False,Single
lsOccG_L,A37lv_R,1,0,False,False,Single
lsOccG_R,A20cv_R,1,0,False,False,Single
lsOccG_R,A37elv_L,1,0,False,False,Single
lsOccG_R,A37vl_R,1,0,False,False,Single
lsOccG_R,A7c_R,1,0,False,False,Single
lsOccG_R,Right Crus I,1,0,False,False,Single
Otha_R,A12/47o_R,1,0,False,False,Single
Otha_R,A13_L,1,0,False,False,Single
Otha_R,Left IX,1,0,False,False,Single
Otha_R,mPMtha_R,1,0,False,False,Single
Otha_R,NAC_L,1,0,False,False,Single
Otha_R,NAC_R,1,0,False,False,Single
Otha_R,Right VIIb,1,0,False,False,Single
Otha_R,Right VIIIb,1,0,False,False,Single
Otha_R,rTtha_R,1,0,False,False,Single
Otha_R,vCa_R,1,0,False,False,Single
rpSTS_L,A10m_L,1,0,False,False,Single
rpSTS_L,A10m_R,1,0,False,False,Single
rpSTS_L,A11l_R,1,0,False,False,Single
rpSTS_L,A11m_L,1,0,False,False,Single
rpSTS_L,A11m_R,1,0,False,False,Single
rpSTS_L,A12/47l_R,1,0,False,False,Single
rpSTS_L,A13_R,1,0,False,False,Single
rpSTS_L,A22c_R,1,0,False,False,Single
rpSTS_L,A22r_L,1,0,False,False,Single
rpSTS_L,A22r_R,1,0,False,False,Single
rpSTS_L,A32p_L,1,0,False,False,Single
rpSTS_L,A32sg_R,1,0,False,False,Single
rpSTS_L,A38l_L,1,0,False,False,Single
rpSTS_L,A44v_L,1,0,False,False,Single
rpSTS_L,A45c_L,1,0,False,False,Single
rpSTS_L,A45r_L,1,0,False,False,Single
rpSTS_L,A9m_R,1,0,False,False,Single
rpSTS_L,aSTS_L,1,0,False,False,Single
rpSTS_L,IFS_L,1,0,False,False,Single
rpSTS_L,rpSTS_R,1,0,False,False,Single
rpSTS_L,vIa_L,1,0,False,False,Single
rpSTS_L,vIa_R,1,0,False,False,Single
rpSTS_R,A1/2/3ulhf_R,1,0,False,False,Single
rpSTS_R,A2_R,1,0,False,False,Single
rpSTS_R,cpSTS_L,1,0,False,False,Single
vmPOS_L,A12/47o_L,1,0,False,False,Single
vmPOS_L,A21c_R,1,0,False,False,Single
vmPOS_L,A37dl_R,1,0,False,False,Single
vmPOS_L,A38l_L,1,0,False,False,Single
vmPOS_L,rLinG_R,1,0,False,False,Single
vmPOS_L,TH_R,1,0,False,False,Single
vmPu_R,A1/2/3ll_R,1,0,False,False,Single
vmPu_R,A23c_R,1,0,False,False,Single
vmPu_R,A23d_L,1,0,False,False,Single
vmPu_R,A24cd_L,1,0,False,False,Single
vmPu_R,A32p_R,1,0,False,False,Single
vmPu_R,A40c_R,1,0,False,False,Single
vmPu_R,A44d_R,1,0,False,False,Single
vmPu_R,A9m_R,1,0,False,False,Single
vmPu_R,dlPu_L,1,0,False,False,Single
vmPu_R,Left IX,1,0,False,False,Single
vmPu_R,Left V,1,0,False,False,Single
vmPu_R,lPFtha_R,1,0,False,False,Single
vmPu_R,mPMtha_R,1,0,False,False,Single
vmPu_R,NAC_L,1,0,False,False,Single
vmPu_R,Stha_R,1,0,False,False,Single
vmPu_R,Vermis VI,1,0,False,False,Single
A1/2/3ll_L,A31_R,0,1,False,False,Single
A1/2/3tonIa_L,cTtha_L,0,1,False,False,Single
A1/2/3tonIa_L,rTtha_R,0,1,False,False,Single
A10m_L,iOccG_R,0,1,False,False,Single
A10m_R,A10l_R,0,1,False,False,Single
A10m_R,A12/47l_L,0,1,False,False,Single
A10m_R,A39rd_L,0,1,False,False,Single
A10m_R,A44op_L,0,1,False,False,Single
A10m_R,A5l_L,0,1,False,False,Single
A10m_R,A9/46v_L,0,1,False,False,Single
A10m_R,A9/46v_R,0,1,False,False,Single
A10m_R,dCa_L,0,1,False,False,Single
A10m_R,dCa_R,0,1,False,False,Single
A10m_R,IFS_L,0,1,False,False,Single
A10m_R,IFS_R,0,1,False,False,Single
A10m_R,iOccG_R,0,2,False,False,Single
A10m_R,Left VI,0,1,False,False,Single
A10m_R,Left VIIb,0,3,False,False,Single
A10m_R,Left VIIIa,0,1,False,False,Single
A10m_R,V5/MT+_R,0,3,False,False,Single
A10m_R,Vermis VI,0,1,False,False,Single
A11m_L,A20cl_R,0,1,False,False,Single
A11m_L,A20cv_R,0,1,False,False,Single
A11m_L,A37elv_R,0,1,False,False,Single
A11m_L,Left Crus II,0,1,False,False,Single
A11m_L,Left VIIIb,0,1,False,False,Single
A11m_R,A10l_R,0,1,False,False,Single
A11m_R,A11l_R,0,2,False,False,Single
A11m_R,A12/47l_R,0,1,False,False,Single
A11m_R,A20cl_R,0,1,False,False,Single
A11m_R,A20cv_R,0,2,False,False,Single
A11m_R,A37elv_R,0,1,False,False,Single
A11m_R,A37lv_R,0,2,False,False,Single
A11m_R,A9/46v_L,0,1,False,False,Single
A11m_R,A9/46v_R,0,1,False,False,Single
A11m_R,dIa_R,0,1,False,False,Single
A11m_R,dId_R,0,1,False,False,Single
A11m_R,dlPu_R,0,3,False,False,Single
A11m_R,Left VIIIa,0,2,False,False,Single
A11m_R,Left VIIIb,0,1,False,False,Single
A11m_R,Left X,0,1,False,False,Single
A11m_R,Right Crus I,0,3,False,False,Single
A11m_R,Right VIIIa,0,1,False,False,Single
A11m_R,vIa_R,0,1,False,False,Single
A11m_R,vmPu_R,0,1,False,False,Single
A12/47o_L,A11l_L,0,1,False,False,Single
A12/47o_L,A20rv_R,0,1,False,False,Single
A12/47o_L,A44op_R,0,1,False,False,Single
A12/47o_L,A9/46v_R,0,1,False,False,Single
A12/47o_L,dIa_R,0,1,False,False,Single
A14m_R,lsOccG_L,0,1,False,False,Single
A14m_R,msOccG_L,0,1,False,False,Single
A14m_R,msOccG_R,0,1,False,False,Single
A14m_R,Right X,0,2,False,False,Single
A20cv_L,Left Crus I,0,1,False,False,Single
A20cv_L,Left VI,0,1,False,False,Single
A20cv_R,A20cv_R,0,1,False,True,Single
A20cv_R,Right Crus I,0,1,False,False,Single
A20il_L,Left Crus I,0,1,False,False,Single
A20il_L,Left VI,0,1,False,False,Single
A20iv_L,Left Crus I,0,1,False,False,Single
A20iv_L,Left VI,0,1,False,False,Single
A21c_L,A1/2/3tonIa_R,0,1,False,False,Single
A21c_L,A20cv_R,0,1,False,False,Single
A21c_L,A20iv_R,0,1,False,False,Single
A21c_L,A20rv_R,0,1,False,False,Single
A21c_L,A22c_R,0,1,False,False,Single
A21c_L,A37lv_R,0,1,False,False,Single
A21c_L,A4tl_R,0,1,False,False,Single
A21c_L,A6cdl_R,0,1,False,False,Single
A21c_L,Left Crus I,0,2,False,False,Single
A21c_L,Left Crus II,0,1,False,False,Single
A21c_L,Left VI,0,1,False,False,Single
A21c_L,Left VIIb,0,3,False,False,Single
A21c_L,Left VIIIa,0,4,False,False,Single
A21c_L,Left X,0,1,False,False,Single
A21c_L,rHipp_L,0,1,False,False,Single
A21c_L,Right VIIb,0,1,False,False,Single
A21c_L,Right VIIIa,0,4,False,False,Single
A21c_L,Right VIIIb,0,2,False,False,Single
A21c_L,Right X,0,1,False,False,Single
A21c_L,Stha_L,0,1,False,False,Single
A21c_L,TE1.0/TE1.2_R,0,1,False,False,Single
A21r_L,A11l_R,0,2,False,False,Single
A21r_L,A13_L,0,2,False,False,Single
A21r_L,A20rv_L,0,1,False,False,Single
A21r_L,A20rv_R,0,1,False,False,Single
A21r_L,A32sg_L,0,1,False,False,Single
A21r_L,A44op_R,0,1,False,False,Single
A21r_L,A6m_R,0,1,False,False,Single
A21r_L,A6vl_R,0,1,False,False,Single
A21r_L,A8m_R,0,1,False,False,Single
A21r_L,dCa_L,0,1,False,False,Single
A21r_L,dCa_R,0,2,False,False,Single
A21r_L,GP_L,0,2,False,False,Single
A21r_L,GP_R,0,1,False,False,Single
A21r_L,lAmyg_L,0,1,False,False,Single
A21r_L,Left VIIIa,0,1,False,False,Single
A21r_L,Left VIIIb,0,1,False,False,Single
A21r_L,lPFtha_L,0,1,False,False,Single
A21r_L,mAmyg_L,0,2,False,False,Single
A21r_L,mPMtha_R,0,2,False,False,Single
A21r_L,NAC_L,0,2,False,False,Single
A21r_L,NAC_R,0,1,False,False,Single
A21r_L,rHipp_L,0,1,False,False,Single
A21r_L,vCa_R,0,1,False,False,Single
A21r_L,vmPu_L,0,1,False,False,Single
A21r_L,vmPu_R,0,1,False,False,Single
A21r_R,A11l_R,0,1,False,False,Single
A21r_R,A13_R,0,1,False,False,Single
A21r_R,A8m_R,0,1,False,False,Single
A21r_R,dCa_R,0,1,False,False,Single
A21r_R,GP_R,0,1,False,False,Single
A21r_R,Left VIIb,0,2,False,False,Single
A21r_R,Left VIIIa,0,1,False,False,Single
A21r_R,lPFtha_L,0,1,False,False,Single
A21r_R,NAC_L,0,1,False,False,Single
A21r_R,Right VIIIb,0,1,False,False,Single
A21r_R,Right X,0,1,False,False,Single
A21r_R,vmPu_L,0,1,False,False,Single
A21r_R,vmPu_R,0,1,False,False,Single
A23c_L,A6vl_L,0,1,False,False,Single
A23c_R,Otha_R,0,1,False,False,Single
A23d_L,A40c_R,0,1,False,False,Single
A23d_L,A4t_R,0,1,False,False,Single
A23v_L,A39rv_R,0,1,False,False,Single
A23v_L,A40c_R,0,3,False,False,Single
A23v_L,A40rd_R,0,1,False,False,Single
A23v_L,Left VI,0,1,False,False,Single
A23v_L,Left VIIIa,0,1,False,False,Single
A23v_L,Right Crus I,0,1,False,False,Single
A23v_L,Right Crus II,0,1,False,False,Single
A23v_L,Right VIIb,0,1,False,False,Single
A23v_L,Right VIIIa,0,1,False,False,Single
A23v_R,A40c_R,0,3,False,False,Single
A23v_R,A40rd_R,0,1,False,False,Single
A23v_R,A40rv_R,0,1,False,False,Single
A23v_R,A44op_R,0,1,False,False,Single
A23v_R,A7ip_R,0,1,False,False,Single
A23v_R,Right Crus II,0,1,False,False,Single
A23v_R,Right VIIb,0,1,False,False,Single
A23v_R,Right VIIIa,0,1,False,False,Single
A24rv_L,dCa_L,0,1,False,False,Single
A24rv_R,dCa_L,0,1,False,False,Single
A24rv_R,vCa_L,0,2,False,False,Single
A31_L,A1/2/3ll_R,0,1,False,False,Single
A31_L,A39rd_L,0,1,False,False,Single
A31_L,A39rd_R,0,1,False,False,Single
A31_L,A40c_L,0,1,False,False,Single
A31_L,A40c_R,0,1,False,False,75
A31_L,A40rd_L,0,2,False,False,Single
A31_L,A40rd_R,0,1,False,False,Single
A31_L,A40rv_R,0,1,False,False,Single
A31_L,A5l_L,0,1,False,False,Single
A31_L,A7c_L,0,2,False,False,Single
A31_L,A7ip_R,0,1,False,False,Single
A31_L,cCunG_R,0,1,False,False,Single
A31_L,dmPOS_L,0,1,False,False,Single
A31_L,OPC_R,0,1,False,False,Single
A32p_L,dCa_L,0,1,False,False,Single
A32p_L,mOccG_L,0,1,False,False,Single
A32p_L,mOccG_R,0,1,False,False,Single
A32p_L,OPC_L,0,1,False,False,Single
A32p_L,OPC_R,0,1,False,False,Single
A32p_R,dCa_L,0,1,False,False,Single
A32sg_L,A39c_L,0,1,False,False,Single
A32sg_L,lsOccG_L,0,1,False,False,Single
A32sg_L,msOccG_L,0,1,False,False,Single
A32sg_R,dCa_L,0,1,False,False,Single
A35/36r_R,dCa_L,0,2,False,False,Single
A37dl_R,Otha_R,0,1,False,False,Single
A37dl_R,PPtha_R,0,1,False,False,Single
A37elv_R,dCa_R,0,1,False,False,Single
A37elv_R,Right Crus I,0,1,False,False,Single
A37elv_R,Right Crus II,0,1,False,False,Single
A37lv_L,A20iv_L,0,1,False,False,Single
A37lv_L,A20rv_L,0,2,False,False,Single
A37lv_L,A37lv_L,0,1,False,True,Single
A37lv_L,cHipp_L,0,2,False,False,Single
A37lv_L,dCa_R,0,1,False,False,Single
A37lv_L,Left Crus II,0,3,False,False,Single
A37lv_L,Right Crus I,0,2,False,False,Single
A37lv_L,Right I-IV,0,1,False,False,Single
A37lv_L,vCa_R,0,1,False,False,Single
A37lv_L,Vermis X,0,1,False,False,Single
A37lv_R,A10m_R,0,1,False,False,Single
A37lv_R,A9l_R,0,1,False,False,Single
A37lv_R,dCa_L,0,2,False,False,Single
A37lv_R,dCa_R,0,1,False,False,Single
A37lv_R,Left Crus I,0,1,False,False,Single
A37lv_R,Left Crus II,0,2,False,False,Single
A37lv_R,Left X,0,1,False,False,Single
A37lv_R,Right Crus II,0,3,False,False,Single
A37lv_R,rTtha_R,0,1,False,False,Single
A37lv_R,vCa_R,0,1,False,False,Single
A38m_L,Right VIIIb,0,2,False,False,Single
A38m_L,Right X,0,1,False,False,Single
A40c_R,A23v_L,0,2,False,False,Single
A40c_R,dmPOS_L,0,1,False,False,76
A41/42_R,cHipp_R,0,1,False,False,Single
A41/42_R,Otha_R,0,1,False,False,77
A41/42_R,rTtha_R,0,2,False,False,Single
A5l_L,A23v_R,0,1,False,False,Single
A5l_L,cHipp_R,0,1,False,False,Single
A7r_R,A20il_L,0,1,False,False,Single
A8dl_L,A20rv_R,0,1,False,False,Single
A8dl_L,A40c_R,0,1,False,False,Single
A8dl_L,A40rd_R,0,1,False,False,Single
A8dl_L,A6cvl_R,0,1,False,False,Single
A8dl_L,Left VIIb,0,1,False,False,Single
A8dl_L,Left VIIIa,0,1,False,False,Single
A8dl_R,A40c_L,0,1,False,False,Single
A8dl_R,A40rd_L,0,1,False,False,Single
A8dl_R,A40rv_L,0,1,False,False,Single
A8dl_R,A40rv_R,0,1,False,False,Single
A8dl_R,A6cvl_R,0,1,False,False,Single
A9m_R,A5l_L,0,1,False,False,Single
aSTS_L,cHipp_L,0,3,False,False,Single
aSTS_L,Left Crus II,0,1,False,False,Single
aSTS_L,Left VIIb,0,3,False,False,Single
aSTS_L,Left VIIIa,0,1,False,False,Single
aSTS_L,Left VIIIb,0,1,False,False,Single
aSTS_L,Right VIIIa,0,1,False,False,Single
aSTS_L,Right VIIIb,0,1,False,False,Single
aSTS_L,Right X,0,1,False,False,Single
aSTS_R,A7ip_R,0,1,False,False,Single
aSTS_R,GP_R,0,1,False,False,Single
aSTS_R,Left VI,0,1,False,False,Single
aSTS_R,Left VIIIa,0,1,False,False,Single
aSTS_R,Left VIIIb,0,1,False,False,Single
aSTS_R,Left X,0,1,False,False,Single
aSTS_R,rTtha_R,0,1,False,False,Single
dIg_R,rTtha_R,0,1,False,False,Single
dmPOS_L,A1/2/3ll_L,0,1,False,False,Single
dmPOS_L,A1/2/3ll_R,0,1,False,False,Single
dmPOS_L,A40c_L,0,1,False,False,Single
dmPOS_L,A40rd_L,0,1,False,False,Single
dmPOS_L,A5m_R,0,1,False,False,Single
IFJ_R,A8dl_R,0,1,False,False,Single
Left Crus I,A4t_R,0,1,False,False,Single
Left Crus I,dmPOS_L,0,1,False,False,Single
Left Crus I,rCunG_L,0,1,False,False,Single
Left Crus I,rCunG_R,0,1,False,False,Single
Left Crus I,rLinG_L,0,1,False,False,Single
Left Crus I,vmPOS_L,0,2,False,False,Single
Left Crus I,vmPOS_R,0,3,False,False,Single
Otha_R,A1/2/3ll_L,0,3,False,False,Single
Otha_R,A1/2/3ll_R,0,1,False,False,Single
Otha_R,A1/2/3tonIa_L,0,1,False,False,Single
Otha_R,A1/2/3tonIa_R,0,1,False,False,Single
Otha_R,A1/2/3tru_L,0,1,False,False,Single
Otha_R,A1/2/3tru_R,0,1,False,False,Single
Otha_R,A1/2/3ulhf_L,0,1,False,False,Single
Otha_R,A1/2/3ulhf_R,0,1,False,False,Single
Otha_R,A2_L,0,1,False,False,Single
Otha_R,A2_R,0,1,False,False,Single
Otha_R,A22c_L,0,4,False,False,Single
Otha_R,A22c_R,0,2,False,False,Single
Otha_R,A22r_R,0,1,False,False,Single
Otha_R,A23c_L,0,1,False,False,Single
Otha_R,A37dl_L,0,1,False,False,Single
Otha_R,A37dl_R,0,3,False,False,Single
Otha_R,A37vl_L,0,1,False,False,Single
Otha_R,A39rv_L,0,1,False,False,Single
Otha_R,A39rv_R,0,1,False,False,Single
Otha_R,A40c_L,0,1,False,False,Single
Otha_R,A40rd_L,0,1,False,False,Single
Otha_R,A40rd_R,0,2,False,False,Single
Otha_R,A40rv_L,0,2,False,False,Single
Otha_R,A40rv_R,0,2,False,False,Single
Otha_R,A41/42_L,0,4,False,False,Single
Otha_R,A4ll_L,0,1,False,False,Single
Otha_R,A4ll_R,0,1,False,False,Single
Otha_R,A4t_L,0,1,False,False,Single
Otha_R,A4ul_L,0,1,False,False,Single
Otha_R,A4ul_R,0,2,False,False,Single
Otha_R,A5l_R,0,1,False,False,Single
Otha_R,A7pc_L,0,1,False,False,Single
Otha_R,A7pc_R,0,1,False,False,Single
Otha_R,A9m_L,0,1,False,False,Single
Otha_R,A9m_R,0,1,False,False,Single
Otha_R,aSTS_R,0,1,False,False,Single
Otha_R,cpSTS_L,0,1,False,False,Single
Otha_R,cpSTS_R,0,2,False,False,Single
Otha_R,dIg_L,0,1,False,False,Single
Otha_R,dIg_R,0,1,False,False,Single
Otha_R,G_L,0,2,False,False,Single
Otha_R,G_R,0,1,False,False,Single
Otha_R,rpSTS_L,0,2,False,False,78
Otha_R,rpSTS_R,0,1,False,False,Single
Otha_R,TE1.0/TE1.2_L,0,3,False,False,Single
Otha_R,TE1.0/TE1.2_R,0,1,False,False,Single
Otha_R,V5/MT+_L,0,1,False,False,Single
Right Crus I,rCunG_L,0,1,False,False,Single
Right Crus I,rCunG_R,0,2,False,False,Single
Right Crus I,vmPOS_L,0,1,False,False,Single
Right Crus I,vmPOS_R,0,1,False,False,79
rpSTS_L,cTtha_R,0,1,False,False,Single
rpSTS_L,Left Crus I,0,2,False,False,Single
rpSTS_L,Left Crus II,0,3,False,False,Single
rpSTS_L,Left VI,0,1,False,False,Single
rpSTS_L,Left VIIb,0,2,False,False,Single
rpSTS_L,Left VIIIa,0,2,False,False,Single
rpSTS_L,Left VIIIb,0,1,False,False,Single
rpSTS_L,Left X,0,1,False,False,Single
rpSTS_L,lPFtha_R,0,1,False,False,Single
rpSTS_L,lsOccG_R,0,1,False,False,Single
rpSTS_L,mPFtha_L,0,1,False,False,Single
rpSTS_L,mPFtha_R,0,3,False,False,Single
rpSTS_L,Right VIIIb,0,1,False,False,Single
rpSTS_L,Right X,0,1,False,False,Single
rpSTS_L,rTtha_L,0,1,False,False,Single
rpSTS_L,rTtha_R,0,2,False,False,Single
rpSTS_R,cTtha_L,0,1,False,False,Single
rpSTS_R,Otha_L,0,1,False,False,Single
TL_L,A46_L,0,1,False,False,Single
TL_L,dCa_R,0,1,False,False,Single
vmPOS_L,A39c_L,0,1,False,False,Single
vmPOS_L,Left Crus I,0,1,False,False,Single
vmPOS_L,Right Crus II,0,1,False,False,Single
vmPOS_L,Right VIIb,0,1,False,False,Single
vmPOS_R,A7ip_R,0,1,False,False,Single
vmPOS_R,Left Crus I,0,1,False,False,Single
vmPOS_R,Left VI,0,5,False,False,Single
vmPOS_R,OPC_L,0,1,False,False,Single
vmPOS_R,Right Crus II,0,1,False,False,Single
vmPOS_R,Right VIIb,0,1,False,False,Single
vmPOS_R,Vermis VI,0,1,False,False,Single
vmPu_R,iOccG_L,0,1,False,False,Single
vmPu_R,mOccG_L,0,4,False,False,Single
vmPu_R,NAC_R,0,1,False,False,Single
